1968,1,https://i.imgur.com/tng6WBR.jpg,main,1
1969,2,https://i.imgur.com/HCYD22B.jpg,main,1
1970,3,https://i.imgur.com/n7uqNFx.jpg,main,1
1971,4,https://i.imgur.com/pE3JXH9.jpg,main,1
1972,5,https://i.imgur.com/ddphhiz.jpg,main,1
1973,6,https://i.imgur.com/Td2PmX9.jpg,main,1
1974,7,https://i.imgur.com/t5zUdcC.jpg,main,1
1975,8,https://i.imgur.com/n6k7FiL.jpg,main,1
1976,9,https://i.imgur.com/4UFsLFg.jpg,main,1
1977,10,https://i.imgur.com/dN2EUto.jpg,main,1
1978,11,https://i.imgur.com/xF3GYGN.jpg,main,1
1979,12,https://i.imgur.com/icoBwaJ.jpg,main,1
1980,13,https://i.imgur.com/b2Ghs4O.jpg,main,1
1981,14,https://i.imgur.com/K8ojg2Q.jpg,main,1
1982,15,https://i.imgur.com/9eln9h0.jpg,main,1
1983,16,https://i.imgur.com/VwR3neg.jpg,main,1
1984,17,https://i.imgur.com/a7Mf6cw.jpg,main,1
1985,18,https://i.imgur.com/zw04Uqd.jpg,main,1
1986,19,https://i.imgur.com/7gOwbH7.jpg,main,1
1987,20,https://i.imgur.com/F1go8CD.jpg,main,1
1988,21,https://i.imgur.com/D0UkjQy.jpg,main,1
1989,22,https://i.imgur.com/4dBIp5T.jpg,main,1
1990,23,https://i.imgur.com/PTo5jsY.jpg,main,1
1991,24,https://i.imgur.com/ur7y6yU.jpg,main,1
1992,25,https://i.imgur.com/cQp7676.jpg,main,1
1993,26,https://i.imgur.com/CaWQ504.jpg,main,1
1994,27,https://i.imgur.com/eriRdKB.jpg,main,1
1995,28,https://i.imgur.com/MYyrMLN.jpg,main,1
1996,29,https://cdn.img-conv.gamerch.com/img.gamerch.com/imasml-theater-wiki/wikidb_img/1513839803.jpg,main,1
1997,30,https://i.imgur.com/7ZDHFaL.jpg,main,1
1998,31,https://i.imgur.com/h4uYuBX.jpg,main,1
1999,32,https://i.imgur.com/vXkMKOB.jpg,main,1
2000,33,https://i.imgur.com/758cmAK.jpg,main,1
2001,34,https://i.imgur.com/aGWztjR.jpg,main,1
2002,35,https://i.imgur.com/CMbeFdw.jpg,main,1
2003,36,https://i.imgur.com/UyTloi4.jpg,main,1
2004,37,https://i.imgur.com/jsm25Fz.jpg,main,1
2005,38,https://i.imgur.com/iEniOJo.jpg,main,1
2006,39,https://i.imgur.com/vfTz56t.jpg,main,1
2007,40,https://i.imgur.com/hwmGJnw.jpg,main,1
2008,41,https://i.imgur.com/VHJXyGR.jpg,main,1
2009,42,https://i.imgur.com/4vak5r7.jpg,main,1
2010,43,https://i.imgur.com/stVXfvE.jpg,main,1
2011,44,https://i.imgur.com/WDpp7rG.jpg,main,1
2012,45,https://i.imgur.com/LMPuA1X.jpg,main,1
2013,46,https://i.imgur.com/pqh4Acv.jpg,main,1
2014,47,https://i.imgur.com/AwknRz7.jpg,main,1
2015,48,https://i.imgur.com/htJoUuO.jpg,main,1
2016,49,https://i.imgur.com/6fXv4cw.jpg,main,1
2017,50,https://cdn.img-conv.gamerch.com/img.gamerch.com/imasml-theater-wiki/wikidb_img/1529475094.jpg,main,1
2018,51,https://cdn.img-conv.gamerch.com/img.gamerch.com/imasml-theater-wiki/wikidb_img/1530199707.jpg,main,1
2019,52,https://cdn.img-conv.gamerch.com/img.gamerch.com/imasml-theater-wiki/wikidb_img/1531205731.jpg,main,1
2020,53,https://cdn.img-conv.gamerch.com/img.gamerch.com/imasml-theater-wiki/wikidb_img/1532153504.jpg,main,1
2021,54,https://cdn.img-conv.gamerch.com/img.gamerch.com/imasml-theater-wiki/wikidb_img/1533276433.jpg,main,1
2022,55,https://cdn.img-conv.gamerch.com/img.gamerch.com/imasml-theater-wiki/wikidb_img/1533471877.jpg,main,1
2023,56,https://cdn.img-conv.gamerch.com/img.gamerch.com/imasml-theater-wiki/wikidb_img/1534143833.jpg,main,1
2024,57,https://cdn.img-conv.gamerch.com/img.gamerch.com/imasml-theater-wiki/wikidb_img/1534752428.jpg,main,1
2025,58,https://cdn.img-conv.gamerch.com/img.gamerch.com/imasml-theater-wiki/wikidb_img/1535978969.jpg,main,1
2026,59,https://cdn.img-conv.gamerch.com/img.gamerch.com/imasml-theater-wiki/wikidb_img/1536745458.jpg,main,1
2027,60,https://cdn.img-conv.gamerch.com/img.gamerch.com/imasml-theater-wiki/wikidb_img/1537511566.jpg,main,1
2028,61,https://cdn.img-conv.gamerch.com/img.gamerch.com/imasml-theater-wiki/wikidb_img/1538211809.jpg,main,1
2029,62,https://cdn.img-conv.gamerch.com/img.gamerch.com/imasml-theater-wiki/wikidb_img/1538546770.jpg,main,1
2030,63,https://cdn.img-conv.gamerch.com/img.gamerch.com/imasml-theater-wiki/wikidb_img/1539416242.jpg,main,1
2031,64,https://cdn.img-conv.gamerch.com/img.gamerch.com/imasml-theater-wiki/wikidb_img/1540188546.jpg,main,1
2032,65,https://cdn.img-conv.gamerch.com/img.gamerch.com/imasml-theater-wiki/wikidb_img/1540986671.jpg,main,1
2033,66,https://cdn.img-conv.gamerch.com/img.gamerch.com/imasml-theater-wiki/wikidb_img/1541398461.jpg,main,1
2034,67,https://cdn.img-conv.gamerch.com/img.gamerch.com/imasml-theater-wiki/wikidb_img/1542183074.jpg,main,1
2035,68,https://cdn.img-conv.gamerch.com/img.gamerch.com/imasml-theater-wiki/wikidb_img/1542780641.jpg,main,1
2036,69,https://cdn.img-conv.gamerch.com/img.gamerch.com/imasml-theater-wiki/wikidb_img/1543560108.jpg,main,1
2037,70,https://cdn.img-conv.gamerch.com/img.gamerch.com/imasml-theater-wiki/wikidb_img/1543903533.jpg,main,1
2038,71,https://cdn.img-conv.gamerch.com/img.gamerch.com/imasml-theater-wiki/wikidb_img/1544769188.jpg,main,1
2039,72,https://cdn.img-conv.gamerch.com/img.gamerch.com/imasml-theater-wiki/wikidb_img/1545372883.jpg,main,1
2040,73,https://cdn.img-conv.gamerch.com/img.gamerch.com/imasml-theater-wiki/wikidb_img/1545669949.jpg,main,1
2041,74,https://cdn.img-conv.gamerch.com/img.gamerch.com/imasml-theater-wiki/wikidb_img/1546156310.jpg,main,1
2042,75,https://cdn.img-conv.gamerch.com/img.gamerch.com/imasml-theater-wiki/wikidb_img/1546275625.jpg,main,1
2043,76,https://cdn.img-conv.gamerch.com/img.gamerch.com/imasml-theater-wiki/wikidb_img/1546594320.jpg,main,1
2044,77,https://cdn.img-conv.gamerch.com/img.gamerch.com/imasml-theater-wiki/wikidb_img/1547374331.jpg,main,1
2045,78,https://cdn.img-conv.gamerch.com/img.gamerch.com/imasml-theater-wiki/wikidb_img/1547964830.jpg,main,1
2046,79,https://cdn.img-conv.gamerch.com/img.gamerch.com/imasml-theater-wiki/wikidb_img/1548745184.jpg,main,1
2047,80,https://cdn.img-conv.gamerch.com/img.gamerch.com/imasml-theater-wiki/wikidb_img/1549110409.jpg,main,1
2048,81,https://cdn.img-conv.gamerch.com/img.gamerch.com/imasml-theater-wiki/wikidb_img/1549953304.jpg,main,1
2049,82,https://cdn.img-conv.gamerch.com/img.gamerch.com/imasml-theater-wiki/wikidb_img/1550561195.jpg,main,1
2050,83,https://cdn.img-conv.gamerch.com/img.gamerch.com/imasml-theater-wiki/wikidb_img/1551336505.jpg,main,1
2051,84,https://cdn.img-conv.gamerch.com/img.gamerch.com/imasml-theater-wiki/wikidb_img/1551687032.jpg,main,1
2052,85,https://cdn.img-conv.gamerch.com/img.gamerch.com/imasml-theater-wiki/wikidb_img/1552373506.jpg,main,1
2053,86,https://cdn.img-conv.gamerch.com/img.gamerch.com/imasml-theater-wiki/wikidb_img/1552975480.jpg,main,1
2054,87,https://cdn.img-conv.gamerch.com/img.gamerch.com/imasml-theater-wiki/wikidb_img/1553668672.jpg,main,1
2055,88,https://cdn.img-conv.gamerch.com/img.gamerch.com/imasml-theater-wiki/wikidb_img/1553840549.jpg,main,1
2056,89,https://cdn.img-conv.gamerch.com/img.gamerch.com/imasml-theater-wiki/wikidb_img/1554078922.jpg,main,1
2057,90,https://cdn.img-conv.gamerch.com/img.gamerch.com/imasml-theater-wiki/wikidb_img/1554185430.jpg,main,1
2058,91,https://cdn.img-conv.gamerch.com/img.gamerch.com/imasml-theater-wiki/wikidb_img/1555050811.jpg,main,1
2059,92,https://cdn.img-conv.gamerch.com/img.gamerch.com/imasml-theater-wiki/wikidb_img/1555654864.jpg,main,1
2060,93,https://cdn.img-conv.gamerch.com/img.gamerch.com/imasml-theater-wiki/wikidb_img/1556531162.jpg,main,1
2061,94,https://cdn.img-conv.gamerch.com/img.gamerch.com/imasml-theater-wiki/wikidb_img/1556794577.jpg,main,1
2062,95,https://cdn.img-conv.gamerch.com/img.gamerch.com/imasml-theater-wiki/wikidb_img/1557644338.jpg,main,1
2063,96,https://cdn.img-conv.gamerch.com/img.gamerch.com/imasml-theater-wiki/wikidb_img/1558332447.jpg,main,1
2064,97,https://cdn.img-conv.gamerch.com/img.gamerch.com/imasml-theater-wiki/wikidb_img/1559198382.jpg,main,1
2065,98,https://cdn.img-conv.gamerch.com/img.gamerch.com/imasml-theater-wiki/wikidb_img/1559542300.jpg,main,1
2066,99,https://cdn.img-conv.gamerch.com/img.gamerch.com/imasml-theater-wiki/wikidb_img/1560256779.jpg,main,1
2067,100,https://cdn.img-conv.gamerch.com/img.gamerch.com/imasml-theater-wiki/wikidb_img/1560924447.jpg,main,1
2068,101,https://cdn.img-conv.gamerch.com/img.gamerch.com/imasml-theater-wiki/wikidb_img/1561619357.jpg,main,1
